Date,Status,TT,AN,AP,AR,AS,BR,CH,CT,DN,DD,DL,GA,GJ,HR,HP,JK,JH,KA,KL,LA,LD,MP,MH,MN,ML,MZ,NL,OR,PY,PB,RJ,SK,TN,TG,TR,UP,UT,WB
14-Mar-20,Confirmed,81,0,1,0,0,0,0,0,0,0,7,0,0,14,0,2,0,6,19,0,0,0,14,0,0,0,0,0,0,1,3,0,1,1,0,12,0,0
14-Mar-20,Recovered,9,0,0,0,0,0,0,0,0,0,1,0,0,0,0,0,0,0,3,0,0,0,0,0,0,0,0,0,0,0,1,0,0,0,0,4,0,0
14-Mar-20,Deceased,2,0,0,0,0,0,0,0,0,0,1,0,0,0,0,0,0,1,0,0,0,0,0,0,0,0,0,0,0,0,0,0,0,0,0,0,0,0
15-Mar-20,Confirmed,27,0,0,0,0,0,0,0,0,0,0,0,0,0,0,0,0,0,5,0,0,0,18,0,0,0,0,0,0,0,1,0,0,2,0,1,0,0
15-Mar-20,Recovered,4,0,0,0,0,0,0,0,0,0,1,0,0,0,0,0,0,0,0,0,0,0,0,0,0,0,0,0,0,0,2,0,0,1,0,0,0,0
15-Mar-20,Deceased,0,0,0,0,0,0,0,0,0,0,0,0,0,0,0,0,0,0,0,0,0,0,0,0,0,0,0,0,0,0,0,0,0,0,0,0,0,0
16-Mar-20,Confirmed,15,0,0,0,0,0,0,0,0,0,0,0,0,0,0,1,0,1,3,0,0,,6,0,0,0,0,1,1,0,0,0,0,1,0,0,1,0
16-Mar-20,Recovered,1,0,0,0,0,0,0,0,0,0,0,0,0,0,0,0,0,0,0,0,0,0,0,0,0,0,0,0,0,0,0,0,1,0,0,0,0,0
16-Mar-20,Deceased,0,0,0,0,0,0,0,0,0,0,0,0,0,0,0,0,0,0,0,0,0,0,0,0,0,0,0,0,0,0,0,0,0,0,0,0,0,0
17-Mar-20,Confirmed,11,0,0,0,0,0,0,0,0,0,1,0,0,1,0,0,0,2,0,0,0,0,3,0,0,0,0,0,0,0,0,0,0,1,0,2,0,1
17-Mar-20,Recovered,1,0,0,0,0,0,0,0,0,0,0,0,0,0,0,0,0,0,0,0,0,0,0,0,0,0,0,0,0,0,0,0,0,0,0,1,0,0
17-Mar-20,Deceased,1,0,0,0,0,0,0,0,0,0,0,0,0,0,0,0,0,0,0,0,0,0,1,0,0,0,0,0,0,0,0,0,0,0,0,0,0,0
18-Mar-20,Confirmed,37,0,0,0,0,0,0,0,0,0,2,0,0,1,0,1,0,5,0,8,0,0,3,0,0,0,0,1,0,1,3,0,1,8,0,2,1,0
18-Mar-20,Recovered,0,0,0,0,0,0,0,0,0,0,0,0,0,0,0,0,0,0,0,0,0,0,0,0,0,0,0,0,0,0,0,0,0,0,0,0,0,0
18-Mar-20,Deceased,0,0,0,0,0,0,0,0,0,0,0,0,0,0,0,0,0,0,0,0,0,0,0,0,0,0,0,0,0,0,0,0,0,0,0,0,0,0
19-Mar-20,Confirmed,27,0,2,0,0,0,1,1,0,0,4,0,2,1,0,0,0,1,1,0,0,0,4,0,0,0,0,0,0,0,2,0,1,3,0,3,1,0
19-Mar-20,Recovered,5,0,0,0,0,0,0,0,0,0,1,0,0,0,0,0,0,0,0,0,0,0,0,0,0,0,0,0,0,0,0,0,0,0,0,4,0,0
19-Mar-20,Deceased,1,0,0,0,0,0,0,0,0,0,0,0,0,0,0,0,0,0,0,0,0,0,0,0,0,0,0,0,0,1,0,0,0,0,0,0,0,0
20-Mar-20,Confirmed,58,0,0,0,0,0,4,0,0,0,6,0,5,2,2,0,0,0,12,2,0,4,4,0,0,0,0,0,0,1,8,0,0,3,0,4,0,1
20-Mar-20,Recovered,3,0,0,0,0,0,0,0,0,0,2,0,0,0,0,0,0,1,0,0,0,0,0,0,0,0,0,0,0,0,0,0,0,0,0,0,0,0
20-Mar-20,Deceased,0,0,0,0,0,0,0,0,0,0,0,0,0,0,0,0,0,0,0,0,0,0,0,0,0,0,0,0,0,0,0,0,0,0,0,0,0,0
21-Mar-20,Confirmed,78,0,2,0,0,0,0,0,0,0,7,0,7,2,0,0,0,5,12,3,0,0,12,0,0,0,0,0,0,10,7,0,3,2,0,4,0,2
21-Mar-20,Recovered,0,0,0,0,0,0,0,0,0,0,0,0,0,0,0,0,0,0,0,0,0,0,0,0,0,0,0,0,0,0,0,0,0,0,0,0,0,0
21-Mar-20,Deceased,0,0,0,0,0,0,0,0,0,0,0,0,0,0,0,0,0,0,0,0,0,0,0,0,0,0,0,0,0,0,0,0,0,0,0,0,0,0
22-Mar-20,Confirmed,67,0,1,0,0,2,1,0,0,0,0,0,4,0,0,0,0,6,15,0,0,2,10,0,0,0,0,0,0,8,4,0,3,6,0,2,0,3
22-Mar-20,Recovered,0,0,0,0,0,0,0,0,0,0,0,0,0,0,0,0,0,0,0,0,0,0,0,0,0,0,0,0,0,0,0,0,0,0,0,0,0,0
22-Mar-20,Deceased,3,0,0,0,0,1,0,0,0,0,0,0,1,0,0,0,0,0,0,0,0,0,1,0,0,0,0,0,0,0,0,0,0,0,0,0,0,0
23-Mar-20,Confirmed,102,0,1,0,0,1,1,0,0,0,3,0,12,7,1,0,0,7,28,0,0,0,23,0,0,0,0,0,0,2,4,0,3,6,0,2,1,0
23-Mar-20,Recovered,12,0,0,0,0,0,0,0,0,0,0,0,0,11,0,0,0,1,0,0,0,0,0,0,0,0,0,0,0,0,0,0,0,0,0,0,0,0
23-Mar-20,Deceased,2,0,0,0,0,0,0,0,0,0,0,0,0,0,1,0,0,0,0,0,0,0,0,0,0,0,0,0,0,0,0,0,0,0,0,0,0,1
24-Mar-20,Confirmed,64,0,1,0,0,0,0,0,0,0,0,0,4,2,0,2,0,8,14,0,0,1,10,1,0,0,0,0,0,6,0,0,6,4,0,3,0,2
24-Mar-20,Recovered,5,0,0,0,0,0,0,0,0,0,1,0,0,0,0,0,0,1,1,0,0,0,0,0,0,0,0,0,0,0,0,0,0,0,0,2,0,0
24-Mar-20,Deceased,1,0,0,0,0,0,0,0,0,0,0,0,0,0,0,0,0,0,0,0,0,0,0,0,0,0,0,0,0,0,0,0,1,0,0,0,0,0
25-Mar-20,Confirmed,90,0,2,0,0,1,0,2,0,0,5,3,4,1,0,5,0,10,9,0,0,8,15,0,0,1,0,0,0,2,6,0,8,4,0,3,1,0
25-Mar-20,Recovered,3,0,1,0,0,0,0,0,0,0,0,0,0,0,0,1,0,0,0,0,0,0,1,0,0,0,0,0,0,0,0,0,0,0,0,0,0,0
25-Mar-20,Deceased,1,0,0,0,0,0,0,0,0,0,0,0,0,0,0,0,0,0,0,0,0,1,0,0,0,0,0,0,0,0,0,0,0,0,0,0,0,0
26-Mar-20,Confirmed,65,1,1,0,0,3,0,3,0,0,1,0,5,1,0,3,0,4,19,0,0,5,3,0,0,0,0,1,0,2,2,0,3,3,0,4,0,1
26-Mar-20,Recovered,7,0,0,0,0,0,0,0,0,0,0,0,0,0,0,0,0,0,7,0,0,0,0,0,0,0,0,0,0,0,0,0,0,0,0,0,0,0
26-Mar-20,Deceased,5,0,0,0,0,0,0,0,0,0,0,0,2,0,0,1,0,1,0,0,0,0,1,0,0,0,0,0,0,0,0,0,0,0,0,0,0,0
27-Mar-20,Confirmed,164,5,2,0,0,2,1,0,0,0,4,0,4,1,0,6,0,9,39,0,0,9,31,0,0,0,0,0,0,5,10,0,9,15,0,7,0,5
27-Mar-20,Recovered,26,0,0,0,0,0,0,0,0,0,0,0,0,0,1,0,0,2,0,3,0,0,18,0,0,0,0,0,0,1,0,0,1,0,0,0,0,0
27-Mar-20,Deceased,3,0,0,0,0,0,0,0,0,0,0,0,0,0,0,0,0,1,0,0,0,1,1,0,0,0,0,0,0,0,0,0,0,0,0,0,0,0
28-Mar-20,Confirmed,143,3,6,0,0,2,0,1,0,0,9,0,8,2,0,13,0,17,6,0,0,10,30,0,0,0,0,0,0,0,4,0,4,8,0,16,1,3
28-Mar-20,Recovered,9,0,0,0,0,0,0,0,0,0,0,0,0,0,1,0,0,0,1,0,0,0,6,0,0,0,0,0,0,0,0,0,0,0,0,0,1,0
28-Mar-20,Deceased,5,0,0,0,0,0,0,0,0,0,0,0,1,0,0,0,0,0,1,0,0,0,2,0,0,0,0,0,0,0,0,0,0,1,0,0,0,0
29-Mar-20,Confirmed,110,0,2,0,0,4,0,0,0,0,23,2,8,0,0,5,0,2,20,0,0,0,17,0,0,0,0,0,0,0,5,0,8,3,0,7,1,3
29-Mar-20,Recovered,5,0,0,0,0,0,0,0,0,0,0,0,1,0,0,0,0,0,4,0,0,0,0,0,0,0,0,0,0,0,0,0,0,0,0,0,0,0
29-Mar-20,Deceased,3,0,0,0,0,0,0,0,0,0,1,0,1,0,0,0,0,0,0,0,0,0,1,0,0,0,0,0,0,0,0,0,0,0,0,0,0,0
30-Mar-20,Confirmed,187,1,2,0,0,0,5,1,0,0,25,0,7,1,0,11,0,5,32,0,0,8,17,0,0,0,0,0,0,3,20,0,17,7,0,24,0,1
30-Mar-20,Recovered,49,0,0,0,0,0,0,0,0,0,0,0,2,6,0,0,0,1,4,0,0,0,14,0,0,0,0,0,0,0,0,0,2,13,0,6,1,0
30-Mar-20,Deceased,13,0,0,0,0,0,0,0,0,0,0,0,1,0,0,0,0,0,0,0,0,2,2,0,0,0,0,0,0,2,0,0,0,5,0,0,0,1
31-Mar-20,Confirmed,309,0,21,0,1,6,2,1,0,0,23,0,4,7,0,6,1,13,7,0,0,19,82,0,0,0,0,1,0,1,14,0,57,20,0,8,0,15
31-Mar-20,Recovered,15,0,0,0,0,0,0,2,0,0,0,0,2,0,0,0,0,2,4,0,0,0,0,0,0,0,0,0,0,0,0,0,2,0,0,0,0,3
31-Mar-20,Deceased,6,0,0,0,0,0,0,0,0,0,0,0,0,0,0,1,0,0,1,0,0,1,1,0,0,0,0,0,0,1,0,0,0,0,0,0,0,1
01-Apr-20,Confirmed,424,0,67,0,15,3,2,0,0,0,32,0,13,0,0,7,0,9,24,0,0,32,33,0,0,0,0,1,2,4,27,0,110,30,0,13,0,0
01-Apr-20,Recovered,16,0,1,0,0,0,0,0,0,0,0,0,0,10,0,1,0,1,2,0,0,0,0,0,0,0,0,1,0,0,0,0,0,0,0,0,0,0
01-Apr-20,Deceased,9,0,0,0,0,0,0,0,0,0,0,0,0,0,0,0,0,0,0,0,0,1,3,0,0,0,0,0,0,0,0,0,0,3,0,2,0,0
02-Apr-20,Confirmed,486,0,38,1,0,5,1,0,0,0,141,0,1,6,3,8,1,14,21,0,0,9,88,1,0,0,0,0,2,1,13,0,75,27,0,11,3,16
02-Apr-20,Recovered,22,0,0,0,0,3,0,1,0,0,2,0,5,0,0,1,0,2,2,0,0,0,3,0,0,0,0,0,0,0,0,0,0,3,0,0,0,0
02-Apr-20,Deceased,14,0,0,0,0,0,0,0,0,0,2,0,1,0,0,0,0,0,0,0,0,2,8,0,0,0,0,0,0,1,0,0,0,0,0,0,0,0
03-Apr-20,Confirmed,560,0,15,0,7,2,0,0,0,0,93,1,7,9,0,5,0,4,9,1,0,47,64,0,0,0,0,15,0,6,46,0,102,75,0,46,6,0
03-Apr-20,Recovered,38,0,0,0,0,0,0,0,0,0,0,0,0,0,0,0,0,0,14,0,0,0,8,0,0,0,0,1,0,0,0,0,0,15,0,0,0,0
03-Apr-20,Deceased,14,0,1,0,0,0,0,0,0,0,2,0,2,0,1,0,0,1,0,0,0,0,5,0,0,0,0,0,0,0,0,0,0,2,0,0,0,0
04-Apr-20,Confirmed,579,0,28,0,3,1,0,1,0,0,59,1,13,26,7,17,0,16,11,0,0,25,148,0,0,0,0,1,0,12,27,0,74,43,0,60,6,0
04-Apr-20,Recovered,56,0,0,0,0,0,3,0,0,0,8,0,3,1,0,0,0,0,8,0,0,0,2,0,0,0,0,0,0,2,22,0,2,1,0,4,0,0
04-Apr-20,Deceased,13,0,0,0,0,0,0,0,0,0,0,0,1,0,0,0,0,0,0,0,0,3,6,0,0,0,0,0,0,0,1,0,2,0,0,0,0,0
05-Apr-20,Confirmed,609,0,64,0,0,0,0,0,0,0,58,0,20,6,1,14,1,7,8,0,0,14,112,0,0,0,0,18,0,3,60,0,86,62,0,44,4,27
05-Apr-20,Recovered,43,0,3,0,0,0,2,5,0,0,0,0,8,0,0,1,0,1,6,0,0,3,4,0,0,0,0,0,0,1,0,0,0,0,0,0,2,7
05-Apr-20,Deceased,22,0,0,0,0,0,0,0,0,0,1,0,1,0,0,0,0,0,0,0,0,2,13,0,0,0,0,0,0,2,0,0,2,0,0,1,0,0
06-Apr-20,Confirmed,484,0,47,0,0,0,0,0,0,0,22,0,18,20,4,3,1,12,13,0,0,63,121,0,0,0,0,1,0,11,35,0,50,30,1,27,5,0
06-Apr-20,Recovered,65,0,0,0,0,6,0,0,0,0,0,0,1,0,0,0,0,8,3,7,0,8,14,1,0,0,0,0,0,0,0,0,5,12,0,0,0,0
06-Apr-20,Deceased,16,0,2,0,0,0,0,0,0,0,0,0,1,2,0,0,0,0,0,0,0,2,7,0,0,0,0,0,0,0,1,0,1,0,0,0,0,0
07-Apr-20,Confirmed,572,0,11,0,2,6,0,0,0,0,51,0,29,33,9,16,0,12,9,0,0,34,150,0,0,0,0,2,0,20,42,0,69,40,0,27,0,11
07-Apr-20,Recovered,75,0,0,0,0,6,2,1,0,0,4,0,3,2,1,0,0,5,12,0,0,10,9,0,0,0,0,0,1,10,0,0,6,0,0,0,0,3
07-Apr-20,Deceased,27,0,1,0,0,0,0,0,0,0,2,0,2,0,0,1,0,0,0,0,0,6,12,0,0,0,0,1,0,1,0,0,1,0,0,0,0,0
08-Apr-20,Confirmed,565,1,34,0,0,1,0,0,0,0,93,0,11,24,0,33,0,6,9,0,0,51,117,0,0,0,0,0,0,7,40,0,48,49,0,29,4,8
08-Apr-20,Recovered,96,0,1,0,0,0,0,0,0,0,1,0,0,1,0,2,0,3,13,0,0,4,38,0,0,0,0,0,0,0,20,0,2,0,0,10,1,0
08-Apr-20,Deceased,20,0,0,0,0,0,0,0,0,0,0,0,2,0,0,0,0,1,0,0,0,3,8,0,0,0,0,0,0,1,1,0,1,0,0,1,0,2
09-Apr-20,Confirmed,813,0,15,0,1,19,0,8,0,0,51,0,76,3,1,26,9,16,12,0,0,70,229,0,0,0,0,6,0,24,80,0,96,18,0,49,0,4
09-Apr-20,Recovered,70,10,4,0,0,0,0,0,0,0,4,0,1,0,0,0,0,2,13,0,0,0,8,0,0,0,0,0,0,4,15,0,6,0,0,0,0,3
09-Apr-20,Deceased,46,0,2,0,0,0,0,0,0,0,3,0,2,0,0,1,1,1,0,0,0,9,25,0,0,0,0,0,0,1,0,0,0,1,0,0,0,0
10-Apr-20,Confirmed,871,0,18,0,0,2,1,0,0,0,183,0,116,6,0,23,1,10,7,1,0,40,210,0,0,0,0,2,2,21,98,0,77,16,1,23,0,13
10-Apr-20,Recovered,151,0,0,0,0,0,0,0,0,0,2,1,7,4,0,0,0,4,27,1,0,12,63,0,0,0,0,10,0,2,0,0,17,0,0,1,0,0
10-Apr-20,Deceased,22,0,0,0,1,0,0,0,0,0,2,0,1,0,0,0,0,0,0,0,0,4,12,0,0,0,0,0,0,1,0,0,1,0,0,0,0,0
11-Apr-20,Confirmed,854,0,24,0,0,4,0,7,0,0,166,0,90,3,4,17,3,8,10,0,0,78,187,0,0,0,0,4,0,7,139,0,58,16,0,19,0,10
11-Apr-20,Recovered,186,0,0,0,0,0,0,0,0,0,0,4,11,0,6,0,0,5,19,0,0,1,20,0,0,0,0,0,0,0,56,0,0,51,0,13,0,0
11-Apr-20,Deceased,40,0,0,0,0,0,0,0,0,0,5,0,3,0,0,0,0,0,1,0,0,4,17,0,0,0,0,0,0,1,6,0,1,2,0,1,0,0
12-Apr-20,Confirmed,758,0,15,0,1,0,2,6,0,0,85,0,48,16,0,21,2,17,2,0,0,33,221,0,0,0,0,0,0,12,104,0,106,28,0,31,0,8
12-Apr-20,Recovered,114,0,2,0,0,11,0,1,0,0,1,0,0,8,4,0,0,15,36,0,0,3,9,0,0,0,0,0,0,3,5,0,6,7,0,0,0,3
12-Apr-20,Deceased,42,0,1,0,0,0,0,0,0,0,5,0,2,1,0,0,1,0,0,0,0,3,22,0,0,0,0,0,0,0,2,0,1,2,0,0,0,2
13-Apr-20,Confirmed,1243,0,19,0,2,2,0,0,0,0,356,0,56,1,0,25,5,15,3,2,0,52,352,0,1,0,0,1,0,6,93,0,98,61,0,75,0,18
13-Apr-20,Recovered,112,0,0,0,0,2,0,0,0,0,3,0,10,7,0,10,0,6,19,1,0,10,12,0,0,0,0,6,0,2,0,0,8,0,0,4,2,10
13-Apr-20,Deceased,27,0,0,0,0,0,0,0,0,0,4,0,2,0,0,0,0,2,0,0,0,7,11,0,0,0,0,0,0,0,0,0,0,1,0,0,0,0
14-Apr-20,Confirmed,1031,0,45,0,1,0,0,2,0,0,51,0,78,2,1,8,3,13,8,0,0,127,346,0,0,0,0,5,0,8,108,0,31,52,0,102,2,38
14-Apr-20,Recovered,167,0,4,0,0,1,0,3,0,0,0,0,5,4,1,14,0,11,13,0,0,13,30,0,0,0,0,0,0,2,26,0,23,7,0,1,2,7
14-Apr-20,Deceased,37,0,4,0,0,0,0,0,0,0,2,0,2,0,0,0,0,2,0,0,0,3,18,0,0,0,0,0,0,1,0,0,1,1,0,3,0,0
15-Apr-20,Confirmed,886,0,41,0,0,6,0,0,0,0,17,0,116,6,2,22,1,19,1,1,0,197,236,0,6,0,0,0,0,2,71,0,38,6,0,75,0,23
15-Apr-20,Recovered,144,0,4,1,2,0,2,4,0,0,10,1,5,2,0,6,0,9,7,0,0,0,36,0,0,0,0,1,0,0,0,0,37,8,1,7,0,1
15-Apr-20,Deceased,27,0,3,0,0,0,0,0,0,0,2,0,5,0,0,0,0,2,0,0,0,0,9,0,1,0,0,0,0,0,0,0,2,0,0,3,0,0
16-Apr-20,Confirmed,1061,0,9,0,2,11,0,3,0,0,62,0,163,11,0,14,1,36,7,0,0,226,285,0,2,0,0,0,0,11,55,0,25,50,0,70,0,18
16-Apr-20,Recovered,258,1,0,0,3,8,0,6,0,0,11,0,9,8,3,2,0,2,27,2,0,6,5,0,0,0,0,0,0,2,17,0,62,68,0,11,0,5
16-Apr-20,Deceased,26,0,0,0,0,0,0,0,0,0,6,0,3,0,0,0,0,1,0,0,0,2,7,0,0,0,0,0,0,1,0,0,1,0,0,2,0,3
17-Apr-20,Confirmed,922,1,38,0,0,2,0,0,0,0,67,0,170,8,3,14,3,44,1,0,0,146,120,0,0,0,0,0,0,14,98,0,56,66,0,44,3,24
17-Apr-20,Recovered,273,0,15,0,4,0,0,1,0,0,20,0,13,21,0,4,0,6,10,0,0,0,31,0,0,0,0,2,0,1,19,0,103,0,0,14,0,9
17-Apr-20,Deceased,38,0,0,0,0,0,0,0,0,0,4,0,5,0,0,1,0,0,0,0,0,14,7,0,0,0,0,0,0,0,6,0,0,0,0,1,0,0
18-Apr-20,Confirmed,1371,2,31,0,0,1,2,0,0,0,186,0,277,9,1,13,1,25,4,0,0,92,327,0,2,0,0,1,0,23,122,0,49,43,0,126,2,32
18-Apr-20,Recovered,426,0,7,0,3,5,0,1,0,0,135,0,7,14,0,9,0,16,2,0,0,57,34,0,0,0,0,3,3,1,17,0,82,0,0,26,0,4
18-Apr-20,Deceased,35,0,2,0,0,1,0,0,0,0,1,0,12,0,0,0,0,1,0,0,0,0,10,0,0,0,0,0,0,2,4,0,0,0,0,0,0,2
19-Apr-20,Confirmed,1580,1,44,0,0,10,3,0,0,0,110,0,367,18,0,13,8,6,2,0,0,5,552,0,0,0,0,0,0,10,127,0,105,49,0,125,2,23
19-Apr-20,Recovered,388,0,23,0,5,0,4,0,0,0,83,1,12,4,0,5,0,7,13,0,0,4,142,0,0,0,0,0,0,6,5,0,46,0,0,19,2,7
19-Apr-20,Deceased,38,0,1,0,0,0,0,0,0,0,2,0,10,0,0,0,0,2,0,0,0,3,12,0,0,0,0,0,0,0,2,0,0,3,0,3,0,0
20-Apr-20,Confirmed,1239,1,75,0,0,17,0,0,0,0,78,0,196,1,0,14,5,18,6,0,0,78,466,0,0,0,0,13,0,1,98,0,43,14,0,84,2,29
20-Apr-20,Recovered,419,0,27,0,2,0,1,0,0,0,141,0,26,37,0,15,4,1,21,0,0,7,65,1,0,0,0,0,0,1,0,0,46,0,0,13,7,4
20-Apr-20,Deceased,33,0,3,0,0,0,0,0,0,0,2,0,8,0,0,0,0,0,0,0,0,4,9,0,0,0,0,0,0,0,2,0,2,2,0,1,0,0
21-Apr-20,Confirmed,1537,1,35,0,0,13,1,0,0,0,75,0,239,4,0,12,0,10,19,0,0,67,552,0,1,0,0,5,0,6,159,0,76,56,0,153,0,53
21-Apr-20,Recovered,703,0,4,0,0,0,0,0,0,0,180,0,8,6,0,10,0,17,16,0,0,10,150,0,0,0,0,6,0,11,69,0,178,8,0,22,1,7
21-Apr-20,Deceased,53,0,2,0,0,0,0,0,0,0,0,0,19,0,0,0,0,1,0,0,0,4,19,0,0,0,0,0,0,0,1,0,1,0,0,3,0,3
22-Apr-20,Confirmed,1292,1,56,0,0,17,0,0,0,0,92,0,229,9,0,27,0,9,11,0,0,35,431,0,0,0,0,4,0,27,153,0,33,15,0,112,0,31
22-Apr-20,Recovered,394,0,24,0,0,0,0,3,0,0,113,0,40,11,0,11,0,2,1,0,0,4,67,0,0,0,0,2,0,4,70,0,27,0,0,11,4,0
22-Apr-20,Deceased,36,0,2,0,0,0,0,0,0,0,1,0,13,0,0,0,0,0,0,0,0,0,18,0,0,0,0,0,0,0,1,0,0,1,0,0,0,0
23-Apr-20,Confirmed,1667,4,80,0,1,27,0,0,0,0,128,0,217,6,1,27,7,18,10,0,0,100,778,0,0,0,0,6,0,5,76,0,54,27,0,61,1,33
23-Apr-20,Recovered,642,0,21,0,0,2,0,2,0,0,84,0,79,12,2,0,4,14,8,2,0,51,51,0,0,0,0,1,0,13,107,0,90,58,1,33,1,6
23-Apr-20,Deceased,40,0,3,0,0,0,0,0,0,0,2,0,9,0,0,0,1,0,0,0,0,3,14,0,0,0,0,0,0,1,1,0,2,1,0,3,0,0
24-Apr-20,Confirmed,1408,7,62,0,0,53,0,0,0,0,138,0,191,5,0,20,6,29,3,0,0,159,390,0,0,0,0,5,0,15,70,0,72,13,0,111,1,58
24-Apr-20,Recovered,484,0,4,0,0,0,1,0,0,0,49,0,7,16,0,17,0,7,15,0,0,7,117,0,0,0,0,0,0,4,42,0,114,39,0,20,1,24
24-Apr-20,Deceased,59,0,2,0,0,0,0,0,0,0,3,0,15,0,0,0,0,1,1,0,0,9,18,0,0,0,0,0,0,0,4,0,2,0,0,1,0,3
25-Apr-20,Confirmed,1835,4,61,0,0,28,1,1,0,0,111,0,256,12,0,40,8,26,7,2,0,99,811,0,0,0,0,6,1,10,49,0,66,7,0,172,0,57
25-Apr-20,Recovered,442,0,26,0,0,1,0,2,0,0,12,0,17,5,4,3,0,6,7,0,0,71,119,0,0,0,0,1,0,2,20,0,94,16,0,35,1,0
25-Apr-20,Deceased,44,0,2,0,0,0,0,0,0,0,1,0,6,0,0,1,0,0,0,0,0,7,22,0,0,0,0,0,0,0,2,0,1,0,0,2,0,0
26-Apr-20,Confirmed,1607,0,81,0,0,26,8,0,0,0,293,0,230,9,0,29,15,3,11,0,0,145,440,0,0,0,0,3,0,14,102,0,64,11,0,80,3,40
26-Apr-20,Recovered,585,0,60,0,8,11,2,0,0,0,8,0,31,8,0,25,5,24,4,0,0,21,112,0,0,0,0,1,0,12,116,0,60,9,0,66,0,2
26-Apr-20,Deceased,56,0,0,0,0,0,0,0,0,0,0,0,18,0,0,0,0,1,0,0,0,4,19,0,0,0,0,0,0,1,7,0,1,0,0,3,0,2
27-Apr-20,Confirmed,1568,0,80,0,0,69,9,0,0,0,190,0,247,5,0,23,21,9,13,0,0,75,522,0,0,0,0,15,0,8,77,0,52,2,0,113,0,38
27-Apr-20,Recovered,580,0,4,0,0,0,0,0,0,0,0,0,81,14,3,27,4,11,13,0,0,55,94,0,0,0,0,2,1,14,115,0,54,16,0,72,0,0
27-Apr-20,Deceased,58,0,0,0,0,0,0,0,0,0,0,0,11,0,0,1,0,1,0,0,0,7,27,0,0,0,0,0,0,1,9,0,0,0,0,1,0,0
28-Apr-20,Confirmed,1902,0,82,0,2,20,11,1,0,0,206,0,226,7,0,19,2,11,4,2,0,222,728,0,0,0,0,0,0,12,102,0,121,6,0,67,3,48
28-Apr-20,Recovered,636,4,23,0,0,8,0,2,0,0,201,0,40,11,0,12,2,14,4,0,0,16,106,0,0,0,0,1,0,3,26,0,54,42,0,63,0,4
28-Apr-20,Deceased,69,0,0,0,0,0,0,0,0,0,0,0,19,0,0,1,0,0,0,0,0,10,31,0,0,0,0,0,0,0,2,0,1,0,0,3,0,2
29-Apr-20,Confirmed,1705,0,73,0,0,37,12,0,0,0,125,0,308,3,0,16,2,12,10,0,0,173,597,0,0,0,0,7,0,33,76,0,104,7,0,81,1,28
29-Apr-20,Recovered,690,0,29,0,2,0,0,0,0,0,14,0,93,1,0,16,0,9,10,1,0,88,205,0,0,0,0,1,0,0,44,0,82,35,0,48,2,10
29-Apr-20,Deceased,71,0,0,0,0,0,0,0,0,0,2,0,16,0,0,0,0,1,0,0,0,10,32,0,0,0,0,0,0,0,3,0,2,0,0,5,0,0
30-Apr-20,Confirmed,1801,0,71,0,5,22,6,2,0,0,76,0,313,28,0,33,3,30,2,0,0,65,583,0,0,0,0,18,0,105,144,0,161,22,0,77,2,33
30-Apr-20,Recovered,630,1,34,0,0,20,1,2,0,0,2,0,86,10,3,24,0,13,14,0,0,21,180,0,0,0,0,2,0,3,79,0,48,33,0,41,8,5
30-Apr-20,Deceased,75,0,0,0,0,0,0,0,0,0,3,0,17,1,0,0,0,1,0,0,0,7,27,0,0,0,0,0,0,1,3,0,0,3,0,1,0,11
01-May-20,Confirmed,2396,0,60,0,0,41,14,3,0,0,223,0,326,18,0,25,3,24,0,0,0,90,1008,0,0,0,0,11,0,105,82,0,203,6,0,117,0,37
01-May-20,Recovered,962,0,82,0,4,14,0,0,0,0,73,0,123,6,2,31,2,22,9,0,0,42,106,0,10,0,0,14,0,4,223,0,54,22,0,103,1,15
01-May-20,Deceased,77,0,2,0,0,1,0,0,0,0,2,0,22,0,0,0,0,0,0,0,0,8,26,0,0,0,0,0,0,0,4,0,1,0,0,2,1,8
02-May-20,Confirmed,2564,0,62,0,0,15,6,0,0,0,384,0,333,19,0,27,2,12,2,1,0,73,790,0,0,0,0,6,1,187,106,0,231,17,2,159,2,127
02-May-20,Recovered,831,10,38,0,0,19,1,0,0,0,89,0,160,1,3,7,1,20,8,0,0,100,121,0,0,0,0,1,0,4,126,0,29,35,0,44,2,12
02-May-20,Deceased,92,0,0,0,0,1,0,0,0,0,3,0,26,1,0,0,0,3,0,0,0,6,36,0,0,0,0,0,0,0,6,0,1,1,0,1,0,7
03-May-20,Confirmed,2952,0,58,0,0,36,3,14,0,0,427,0,374,66,0,35,0,13,0,19,0,49,678,0,0,0,0,2,0,330,114,0,266,21,12,158,1,276
03-May-20,Recovered,911,6,47,0,0,7,0,0,0,0,106,0,146,3,1,33,5,22,1,0,0,174,115,0,0,0,0,4,1,5,114,0,38,46,0,56,0,-19
03-May-20,Deceased,140,0,0,0,0,0,1,0,0,0,0,0,28,0,0,0,0,0,0,0,0,5,27,0,0,0,0,0,0,1,3,0,1,0,0,0,0,74
04-May-20,Confirmed,3656,0,67,0,0,11,5,1,0,0,349,0,376,75,1,25,0,37,0,0,0,105,1567,0,0,0,0,7,0,130,175,0,527,3,13,121,0,61
04-May-20,Recovered,1082,0,36,0,0,3,2,0,0,0,69,0,153,9,0,16,0,28,61,0,0,58,350,0,0,0,0,0,0,11,82,0,30,40,0,48,0,86
04-May-20,Deceased,103,0,0,0,0,0,0,0,0,0,0,0,29,1,0,0,0,2,0,0,0,9,35,0,0,0,0,0,0,2,6,0,1,0,0,7,0,11
05-May-20,Confirmed,2971,0,67,0,2,7,17,1,1,0,206,0,441,31,1,15,10,22,3,0,0,107,984,0,0,0,0,8,0,219,97,0,508,11,13,114,1,85
05-May-20,Recovered,1295,0,65,0,0,31,0,0,0,0,37,0,186,2,0,17,6,10,0,0,0,144,354,0,0,1,0,0,0,5,87,0,76,43,0,185,0,46
05-May-20,Deceased,128,0,1,0,0,0,0,0,0,0,0,0,49,0,1,0,0,2,0,0,0,11,34,0,0,0,0,1,0,2,12,0,2,0,0,6,0,7
06-May-20,Confirmed,3602,0,60,0,1,7,5,0,0,0,428,0,380,46,1,34,2,20,0,0,0,89,1233,0,0,0,0,28,0,75,159,0,771,11,22,118,0,112
06-May-20,Recovered,1161,0,140,0,2,0,0,0,0,0,74,0,119,4,0,2,4,23,7,0,0,99,275,0,0,0,0,1,0,2,214,0,31,20,0,143,0,1
06-May-20,Deceased,91,0,2,0,0,0,0,0,0,0,1,0,28,1,0,0,0,0,0,0,0,9,34,0,0,0,0,0,0,2,4,0,2,0,0,4,0,4
07-May-20,Confirmed,3344,0,56,0,8,8,11,0,0,0,448,0,388,31,3,18,5,12,0,0,0,114,1216,0,0,0,0,14,0,118,110,0,580,15,24,73,0,92
07-May-20,Recovered,1475,1,51,0,0,60,0,0,0,0,389,0,209,0,0,13,4,12,5,0,0,132,207,0,0,0,0,1,0,14,150,0,31,45,0,120,0,31
07-May-20,Deceased,104,0,2,0,0,1,0,0,0,0,1,0,29,0,0,1,0,1,0,0,0,8,43,0,0,0,0,0,0,1,6,0,2,0,0,2,0,7
08-May-20,Confirmed,3563,0,54,0,6,29,11,0,0,0,562,0,390,22,4,30,22,48,1,0,0,89,1089,0,0,0,0,51,1,87,152,0,600,10,30,143,2,130
08-May-20,Recovered,1111,0,62,0,0,49,0,2,0,0,89,0,163,19,0,29,0,10,10,1,0,118,169,0,0,0,0,1,2,3,122,0,58,34,0,137,6,27
08-May-20,Deceased,97,0,3,0,1,0,1,0,0,0,2,0,24,1,0,0,0,0,0,0,0,7,37,0,0,0,0,0,0,1,4,0,3,0,0,4,0,9
09-May-20,Confirmed,2951,0,43,0,2,32,23,0,0,0,0,0,394,28,2,13,2,41,2,0,0,116,1165,0,1,0,0,82,0,31,129,0,526,31,17,159,4,108
09-May-20,Recovered,1414,0,45,0,0,51,3,5,0,0,0,0,219,11,1,4,37,10,1,0,0,131,330,0,0,0,0,5,0,5,151,0,219,24,0,112,1,49
09-May-20,Deceased,115,0,3,0,-1,0,0,0,0,0,0,0,23,1,0,0,0,0,0,0,0,11,48,0,0,0,0,1,0,2,3,0,4,1,0,8,0,11
