Date,Status,TT,AN,AP,AR,AS,BR,CH,CT,DN,DD,DL,GA,GJ,HR,HP,JK,JH,KA,KL,LA,LD,MP,MH,MN,ML,MZ,NL,OR,PY,PB,RJ,SK,TN,TG,TR,UP,UT,WB,UN
2020-03-14,Confirmed,81,0,1,0,0,0,0,0,0,0,7,0,0,14,0,2,0,6,19,0,0,0,14,0,0,0,0,0,0,1,3,0,1,1,0,12,0,0,0
2020-03-14,Recovered,9,0,0,0,0,0,0,0,0,0,1,0,0,0,0,0,0,0,3,0,0,0,0,0,0,0,0,0,0,0,1,0,0,0,0,4,0,0,0
2020-03-14,Deceased,2,0,0,0,0,0,0,0,0,0,1,0,0,0,0,0,0,1,0,0,0,0,0,0,0,0,0,0,0,0,0,0,0,0,0,0,0,0,0
2020-03-15,Confirmed,27,0,0,0,0,0,0,0,0,0,0,0,0,0,0,0,0,0,5,0,0,0,18,0,0,0,0,0,0,0,1,0,0,2,0,1,0,0,0
2020-03-15,Recovered,4,0,0,0,0,0,0,0,0,0,1,0,0,0,0,0,0,0,0,0,0,0,0,0,0,0,0,0,0,0,2,0,0,1,0,0,0,0,0
2020-03-15,Deceased,0,0,0,0,0,0,0,0,0,0,0,0,0,0,0,0,0,0,0,0,0,0,0,0,0,0,0,0,0,0,0,0,0,0,0,0,0,0,0
2020-03-16,Confirmed,15,0,0,0,0,0,0,0,0,0,0,0,0,0,0,1,0,1,3,0,0,0,6,0,0,0,0,1,1,0,0,0,0,1,0,0,1,0,0
2020-03-16,Recovered,1,0,0,0,0,0,0,0,0,0,0,0,0,0,0,0,0,0,0,0,0,0,0,0,0,0,0,0,0,0,0,0,1,0,0,0,0,0,0
2020-03-16,Deceased,0,0,0,0,0,0,0,0,0,0,0,0,0,0,0,0,0,0,0,0,0,0,0,0,0,0,0,0,0,0,0,0,0,0,0,0,0,0,0
2020-03-17,Confirmed,11,0,0,0,0,0,0,0,0,0,1,0,0,1,0,0,0,2,0,0,0,0,3,0,0,0,0,0,0,0,0,0,0,1,0,2,0,1,0
2020-03-17,Recovered,1,0,0,0,0,0,0,0,0,0,0,0,0,0,0,0,0,0,0,0,0,0,0,0,0,0,0,0,0,0,0,0,0,0,0,1,0,0,0
2020-03-17,Deceased,1,0,0,0,0,0,0,0,0,0,0,0,0,0,0,0,0,0,0,0,0,0,1,0,0,0,0,0,0,0,0,0,0,0,0,0,0,0,0
2020-03-18,Confirmed,37,0,0,0,0,0,0,0,0,0,2,0,0,1,0,1,0,5,0,8,0,0,3,0,0,0,0,1,0,1,3,0,1,8,0,2,1,0,0
2020-03-18,Recovered,0,0,0,0,0,0,0,0,0,0,0,0,0,0,0,0,0,0,0,0,0,0,0,0,0,0,0,0,0,0,0,0,0,0,0,0,0,0,0
2020-03-18,Deceased,0,0,0,0,0,0,0,0,0,0,0,0,0,0,0,0,0,0,0,0,0,0,0,0,0,0,0,0,0,0,0,0,0,0,0,0,0,0,0
2020-03-19,Confirmed,27,0,2,0,0,0,1,1,0,0,4,0,2,1,0,0,0,1,1,0,0,0,4,0,0,0,0,0,0,0,2,0,1,3,0,3,1,0,0
2020-03-19,Recovered,5,0,0,0,0,0,0,0,0,0,1,0,0,0,0,0,0,0,0,0,0,0,0,0,0,0,0,0,0,0,0,0,0,0,0,4,0,0,0
2020-03-19,Deceased,1,0,0,0,0,0,0,0,0,0,0,0,0,0,0,0,0,0,0,0,0,0,0,0,0,0,0,0,0,1,0,0,0,0,0,0,0,0,0
2020-03-20,Confirmed,58,0,0,0,0,0,4,0,0,0,6,0,5,2,2,0,0,0,12,2,0,4,4,0,0,0,0,0,0,1,8,0,0,3,0,4,0,1,0
2020-03-20,Recovered,3,0,0,0,0,0,0,0,0,0,2,0,0,0,0,0,0,1,0,0,0,0,0,0,0,0,0,0,0,0,0,0,0,0,0,0,0,0,0
2020-03-20,Deceased,0,0,0,0,0,0,0,0,0,0,0,0,0,0,0,0,0,0,0,0,0,0,0,0,0,0,0,0,0,0,0,0,0,0,0,0,0,0,0
2020-03-21,Confirmed,78,0,2,0,0,0,0,0,0,0,7,0,7,2,0,0,0,5,12,3,0,0,12,0,0,0,0,0,0,10,7,0,3,2,0,4,0,2,0
2020-03-21,Recovered,0,0,0,0,0,0,0,0,0,0,0,0,0,0,0,0,0,0,0,0,0,0,0,0,0,0,0,0,0,0,0,0,0,0,0,0,0,0,0
2020-03-21,Deceased,0,0,0,0,0,0,0,0,0,0,0,0,0,0,0,0,0,0,0,0,0,0,0,0,0,0,0,0,0,0,0,0,0,0,0,0,0,0,0
2020-03-22,Confirmed,67,0,1,0,0,2,1,0,0,0,0,0,4,0,0,0,0,6,15,0,0,2,10,0,0,0,0,0,0,8,4,0,3,6,0,2,0,3,0
2020-03-22,Recovered,0,0,0,0,0,0,0,0,0,0,0,0,0,0,0,0,0,0,0,0,0,0,0,0,0,0,0,0,0,0,0,0,0,0,0,0,0,0,0
2020-03-22,Deceased,3,0,0,0,0,1,0,0,0,0,0,0,1,0,0,0,0,0,0,0,0,0,1,0,0,0,0,0,0,0,0,0,0,0,0,0,0,0,0
2020-03-23,Confirmed,102,0,1,0,0,1,1,0,0,0,3,0,12,7,1,0,0,7,28,0,0,0,23,0,0,0,0,0,0,2,4,0,3,6,0,2,1,0,0
2020-03-23,Recovered,12,0,0,0,0,0,0,0,0,0,0,0,0,11,0,0,0,1,0,0,0,0,0,0,0,0,0,0,0,0,0,0,0,0,0,0,0,0,0
2020-03-23,Deceased,2,0,0,0,0,0,0,0,0,0,0,0,0,0,1,0,0,0,0,0,0,0,0,0,0,0,0,0,0,0,0,0,0,0,0,0,0,1,0
2020-03-24,Confirmed,64,0,1,0,0,0,0,0,0,0,0,0,4,2,0,2,0,8,14,0,0,1,10,1,0,0,0,0,0,6,0,0,6,4,0,3,0,2,0
2020-03-24,Recovered,5,0,0,0,0,0,0,0,0,0,1,0,0,0,0,0,0,1,1,0,0,0,0,0,0,0,0,0,0,0,0,0,0,0,0,2,0,0,0
2020-03-24,Deceased,1,0,0,0,0,0,0,0,0,0,0,0,0,0,0,0,0,0,0,0,0,0,0,0,0,0,0,0,0,0,0,0,1,0,0,0,0,0,0
2020-03-25,Confirmed,90,0,2,0,0,1,0,2,0,0,5,3,4,1,0,5,0,10,9,0,0,8,15,0,0,1,0,0,0,2,6,0,8,4,0,3,1,0,0
2020-03-25,Recovered,3,0,1,0,0,0,0,0,0,0,0,0,0,0,0,1,0,0,0,0,0,0,1,0,0,0,0,0,0,0,0,0,0,0,0,0,0,0,0
2020-03-25,Deceased,1,0,0,0,0,0,0,0,0,0,0,0,0,0,0,0,0,0,0,0,0,1,0,0,0,0,0,0,0,0,0,0,0,0,0,0,0,0,0
2020-03-26,Confirmed,65,1,1,0,0,3,0,3,0,0,1,0,5,1,0,3,0,4,19,0,0,5,3,0,0,0,0,1,0,2,2,0,3,3,0,4,0,1,0
2020-03-26,Recovered,7,0,0,0,0,0,0,0,0,0,0,0,0,0,0,0,0,0,7,0,0,0,0,0,0,0,0,0,0,0,0,0,0,0,0,0,0,0,0
2020-03-26,Deceased,5,0,0,0,0,0,0,0,0,0,0,0,2,0,0,1,0,1,0,0,0,0,1,0,0,0,0,0,0,0,0,0,0,0,0,0,0,0,0
2020-03-27,Confirmed,164,5,2,0,0,2,1,0,0,0,4,0,4,1,0,6,0,9,39,0,0,9,31,0,0,0,0,0,0,5,10,0,9,15,0,7,0,5,0
2020-03-27,Recovered,26,0,0,0,0,0,0,0,0,0,0,0,0,0,1,0,0,2,0,3,0,0,18,0,0,0,0,0,0,1,0,0,1,0,0,0,0,0,0
2020-03-27,Deceased,3,0,0,0,0,0,0,0,0,0,0,0,0,0,0,0,0,1,0,0,0,1,1,0,0,0,0,0,0,0,0,0,0,0,0,0,0,0,0
2020-03-28,Confirmed,143,3,6,0,0,2,0,1,0,0,9,0,8,2,0,13,0,17,6,0,0,10,30,0,0,0,0,0,0,0,4,0,4,8,0,16,1,3,0
2020-03-28,Recovered,9,0,0,0,0,0,0,0,0,0,0,0,0,0,1,0,0,0,1,0,0,0,6,0,0,0,0,0,0,0,0,0,0,0,0,0,1,0,0
2020-03-28,Deceased,5,0,0,0,0,0,0,0,0,0,0,0,1,0,0,0,0,0,1,0,0,0,2,0,0,0,0,0,0,0,0,0,0,1,0,0,0,0,0
2020-03-29,Confirmed,110,0,2,0,0,4,0,0,0,0,23,2,8,0,0,5,0,2,20,0,0,0,17,0,0,0,0,0,0,0,5,0,8,3,0,7,1,3,0
2020-03-29,Recovered,5,0,0,0,0,0,0,0,0,0,0,0,1,0,0,0,0,0,4,0,0,0,0,0,0,0,0,0,0,0,0,0,0,0,0,0,0,0,0
2020-03-29,Deceased,3,0,0,0,0,0,0,0,0,0,1,0,1,0,0,0,0,0,0,0,0,0,1,0,0,0,0,0,0,0,0,0,0,0,0,0,0,0,0
2020-03-30,Confirmed,187,1,2,0,0,0,5,1,0,0,25,0,7,1,0,11,0,5,32,0,0,8,17,0,0,0,0,0,0,3,20,0,17,7,0,24,0,1,0
2020-03-30,Recovered,49,0,0,0,0,0,0,0,0,0,0,0,2,6,0,0,0,1,4,0,0,0,14,0,0,0,0,0,0,0,0,0,2,13,0,6,1,0,0
2020-03-30,Deceased,13,0,0,0,0,0,0,0,0,0,0,0,1,0,0,0,0,0,0,0,0,2,2,0,0,0,0,0,0,2,0,0,0,5,0,0,0,1,0
2020-03-31,Confirmed,309,0,21,0,1,6,2,1,0,0,23,0,4,7,0,6,1,13,7,0,0,19,82,0,0,0,0,1,0,1,14,0,57,20,0,8,0,15,0
2020-03-31,Recovered,15,0,0,0,0,0,0,2,0,0,0,0,2,0,0,0,0,2,4,0,0,0,0,0,0,0,0,0,0,0,0,0,2,0,0,0,0,3,0
2020-03-31,Deceased,6,0,0,0,0,0,0,0,0,0,0,0,0,0,0,1,0,0,1,0,0,1,1,0,0,0,0,0,0,1,0,0,0,0,0,0,0,1,0
2020-04-01,Confirmed,424,0,67,0,15,3,2,0,0,0,32,0,13,0,0,7,0,9,24,0,0,32,33,0,0,0,0,1,2,4,27,0,110,30,0,13,0,0,0
2020-04-01,Recovered,16,0,1,0,0,0,0,0,0,0,0,0,0,10,0,1,0,1,2,0,0,0,0,0,0,0,0,1,0,0,0,0,0,0,0,0,0,0,0
2020-04-01,Deceased,9,0,0,0,0,0,0,0,0,0,0,0,0,0,0,0,0,0,0,0,0,1,3,0,0,0,0,0,0,0,0,0,0,3,0,2,0,0,0
2020-04-02,Confirmed,486,0,38,1,0,5,1,0,0,0,141,0,1,6,3,8,1,14,21,0,0,9,88,1,0,0,0,0,2,1,13,0,75,27,0,11,3,16,0
2020-04-02,Recovered,22,0,0,0,0,3,0,1,0,0,2,0,5,0,0,1,0,2,2,0,0,0,3,0,0,0,0,0,0,0,0,0,0,3,0,0,0,0,0
2020-04-02,Deceased,14,0,0,0,0,0,0,0,0,0,2,0,1,0,0,0,0,0,0,0,0,2,8,0,0,0,0,0,0,1,0,0,0,0,0,0,0,0,0
2020-04-03,Confirmed,560,0,15,0,7,2,0,0,0,0,93,1,7,9,0,5,0,4,9,1,0,47,64,0,0,0,0,15,0,6,46,0,102,75,0,46,6,0,0
2020-04-03,Recovered,38,0,0,0,0,0,0,0,0,0,0,0,0,0,0,0,0,0,14,0,0,0,8,0,0,0,0,1,0,0,0,0,0,15,0,0,0,0,0
2020-04-03,Deceased,14,0,1,0,0,0,0,0,0,0,2,0,2,0,1,0,0,1,0,0,0,0,5,0,0,0,0,0,0,0,0,0,0,2,0,0,0,0,0
2020-04-04,Confirmed,579,0,28,0,3,1,0,1,0,0,59,1,13,26,7,17,0,16,11,0,0,25,148,0,0,0,0,1,0,12,27,0,74,43,0,60,6,0,0
2020-04-04,Recovered,56,0,0,0,0,0,3,0,0,0,8,0,3,1,0,0,0,0,8,0,0,0,2,0,0,0,0,0,0,2,22,0,2,1,0,4,0,0,0
2020-04-04,Deceased,13,0,0,0,0,0,0,0,0,0,0,0,1,0,0,0,0,0,0,0,0,3,6,0,0,0,0,0,0,0,1,0,2,0,0,0,0,0,0
2020-04-05,Confirmed,609,0,64,0,0,0,0,0,0,0,58,0,20,6,1,14,1,7,8,0,0,14,112,0,0,0,0,18,0,3,60,0,86,62,0,44,4,27,0
2020-04-05,Recovered,43,0,3,0,0,0,2,5,0,0,0,0,8,0,0,1,0,1,6,0,0,3,4,0,0,0,0,0,0,1,0,0,0,0,0,0,2,7,0
2020-04-05,Deceased,22,0,0,0,0,0,0,0,0,0,1,0,1,0,0,0,0,0,0,0,0,2,13,0,0,0,0,0,0,2,0,0,2,0,0,1,0,0,0
2020-04-06,Confirmed,484,0,47,0,0,0,0,0,0,0,22,0,18,20,4,3,1,12,13,0,0,63,121,0,0,0,0,1,0,11,35,0,50,30,1,27,5,0,0
2020-04-06,Recovered,65,0,0,0,0,6,0,0,0,0,0,0,1,0,0,0,0,8,3,7,0,8,14,1,0,0,0,0,0,0,0,0,5,12,0,0,0,0,0
2020-04-06,Deceased,16,0,2,0,0,0,0,0,0,0,0,0,1,2,0,0,0,0,0,0,0,2,7,0,0,0,0,0,0,0,1,0,1,0,0,0,0,0,0
2020-04-07,Confirmed,572,0,11,0,2,6,0,0,0,0,51,0,29,33,9,16,0,12,9,0,0,34,150,0,0,0,0,2,0,20,42,0,69,40,0,27,0,11,0
2020-04-07,Recovered,75,0,0,0,0,6,2,1,0,0,4,0,3,2,1,0,0,5,12,0,0,10,9,0,0,0,0,0,1,10,0,0,6,0,0,0,0,3,0
2020-04-07,Deceased,27,0,1,0,0,0,0,0,0,0,2,0,2,0,0,1,0,0,0,0,0,6,12,0,0,0,0,1,0,1,0,0,1,0,0,0,0,0,0
2020-04-08,Confirmed,565,1,34,0,0,1,0,0,0,0,93,0,11,24,0,33,0,6,9,0,0,51,117,0,0,0,0,0,0,7,40,0,48,49,0,29,4,8,0
2020-04-08,Recovered,96,0,1,0,0,0,0,0,0,0,1,0,0,1,0,2,0,3,13,0,0,4,38,0,0,0,0,0,0,0,20,0,2,0,0,10,1,0,0
2020-04-08,Deceased,20,0,0,0,0,0,0,0,0,0,0,0,2,0,0,0,0,1,0,0,0,3,8,0,0,0,0,0,0,1,1,0,1,0,0,1,0,2,0
2020-04-09,Confirmed,813,0,15,0,1,19,0,8,0,0,51,0,76,3,1,26,9,16,12,0,0,70,229,0,0,0,0,6,0,24,80,0,96,18,0,49,0,4,0
2020-04-09,Recovered,70,10,4,0,0,0,0,0,0,0,4,0,1,0,0,0,0,2,13,0,0,0,8,0,0,0,0,0,0,4,15,0,6,0,0,0,0,3,0
2020-04-09,Deceased,46,0,2,0,0,0,0,0,0,0,3,0,2,0,0,1,1,1,0,0,0,9,25,0,0,0,0,0,0,1,0,0,0,1,0,0,0,0,0
2020-04-10,Confirmed,871,0,18,0,0,2,1,0,0,0,183,0,116,6,0,23,1,10,7,1,0,40,210,0,0,0,0,2,2,21,98,0,77,16,1,23,0,13,0
2020-04-10,Recovered,151,0,0,0,0,0,0,0,0,0,2,1,7,4,0,0,0,4,27,1,0,12,63,0,0,0,0,10,0,2,0,0,17,0,0,1,0,0,0
2020-04-10,Deceased,22,0,0,0,1,0,0,0,0,0,2,0,1,0,0,0,0,0,0,0,0,4,12,0,0,0,0,0,0,1,0,0,1,0,0,0,0,0,0
2020-04-11,Confirmed,854,0,24,0,0,4,0,7,0,0,166,0,90,3,4,17,3,8,10,0,0,78,187,0,0,0,0,4,0,7,139,0,58,16,0,19,0,10,0
2020-04-11,Recovered,186,0,0,0,0,0,0,0,0,0,0,4,11,0,6,0,0,5,19,0,0,1,20,0,0,0,0,0,0,0,56,0,0,51,0,13,0,0,0
2020-04-11,Deceased,40,0,0,0,0,0,0,0,0,0,5,0,3,0,0,0,0,0,1,0,0,4,17,0,0,0,0,0,0,1,6,0,1,2,0,1,0,0,0
2020-04-12,Confirmed,758,0,15,0,1,0,2,6,0,0,85,0,48,16,0,21,2,17,2,0,0,33,221,0,0,0,0,0,0,12,104,0,106,28,0,31,0,8,0
2020-04-12,Recovered,114,0,2,0,0,11,0,1,0,0,1,0,0,8,4,0,0,15,36,0,0,3,9,0,0,0,0,0,0,3,5,0,6,7,0,0,0,3,0
2020-04-12,Deceased,42,0,1,0,0,0,0,0,0,0,5,0,2,1,0,0,1,0,0,0,0,3,22,0,0,0,0,0,0,0,2,0,1,2,0,0,0,2,0
2020-04-13,Confirmed,1243,0,19,0,2,2,0,0,0,0,356,0,56,1,0,25,5,15,3,2,0,52,352,0,1,0,0,1,0,6,93,0,98,61,0,75,0,18,0
2020-04-13,Recovered,112,0,0,0,0,2,0,0,0,0,3,0,10,7,0,10,0,6,19,1,0,10,12,0,0,0,0,6,0,2,0,0,8,0,0,4,2,10,0
2020-04-13,Deceased,27,0,0,0,0,0,0,0,0,0,4,0,2,0,0,0,0,2,0,0,0,7,11,0,0,0,0,0,0,0,0,0,0,1,0,0,0,0,0
2020-04-14,Confirmed,1031,0,45,0,1,0,0,2,0,0,51,0,78,2,1,8,3,13,8,0,0,127,346,0,0,0,0,5,0,8,108,0,31,52,0,102,2,38,0
2020-04-14,Recovered,167,0,4,0,0,1,0,3,0,0,0,0,5,4,1,14,0,11,13,0,0,13,30,0,0,0,0,0,0,2,26,0,23,7,0,1,2,7,0
2020-04-14,Deceased,37,0,4,0,0,0,0,0,0,0,2,0,2,0,0,0,0,2,0,0,0,3,18,0,0,0,0,0,0,1,0,0,1,1,0,3,0,0,0
2020-04-15,Confirmed,886,0,41,0,0,6,0,0,0,0,17,0,116,6,2,22,1,19,1,1,0,197,236,0,6,0,0,0,0,2,71,0,38,6,0,75,0,23,0
2020-04-15,Recovered,144,0,4,1,2,0,2,4,0,0,10,1,5,2,0,6,0,9,7,0,0,0,36,0,0,0,0,1,0,0,0,0,37,8,1,7,0,1,0
2020-04-15,Deceased,27,0,3,0,0,0,0,0,0,0,2,0,5,0,0,0,0,2,0,0,0,0,9,0,1,0,0,0,0,0,0,0,2,0,0,3,0,0,0
2020-04-16,Confirmed,1061,0,9,0,2,11,0,3,0,0,62,0,163,11,0,14,1,36,7,0,0,226,285,0,2,0,0,0,0,11,55,0,25,50,0,70,0,18,0
2020-04-16,Recovered,258,1,0,0,3,8,0,6,0,0,11,0,9,8,3,2,0,2,27,2,0,6,5,0,0,0,0,0,0,2,17,0,62,68,0,11,0,5,0
2020-04-16,Deceased,26,0,0,0,0,0,0,0,0,0,6,0,3,0,0,0,0,1,0,0,0,2,7,0,0,0,0,0,0,1,0,0,1,0,0,2,0,3,0
2020-04-17,Confirmed,922,1,38,0,0,2,0,0,0,0,67,0,170,8,3,14,3,44,1,0,0,146,120,0,0,0,0,0,0,14,98,0,56,66,0,44,3,24,0
2020-04-17,Recovered,273,0,15,0,4,0,0,1,0,0,20,0,13,21,0,4,0,6,10,0,0,0,31,0,0,0,0,2,0,1,19,0,103,0,0,14,0,9,0
2020-04-17,Deceased,38,0,0,0,0,0,0,0,0,0,4,0,5,0,0,1,0,0,0,0,0,14,7,0,0,0,0,0,0,0,6,0,0,0,0,1,0,0,0
2020-04-18,Confirmed,1371,2,31,0,0,1,2,0,0,0,186,0,277,9,1,13,1,25,4,0,0,92,327,0,2,0,0,1,0,23,122,0,49,43,0,126,2,32,0
2020-04-18,Recovered,426,0,7,0,3,5,0,1,0,0,135,0,7,14,0,9,0,16,2,0,0,57,34,0,0,0,0,3,3,1,17,0,82,0,0,26,0,4,0
2020-04-18,Deceased,35,0,2,0,0,1,0,0,0,0,1,0,12,0,0,0,0,1,0,0,0,0,10,0,0,0,0,0,0,2,4,0,0,0,0,0,0,2,0
2020-04-19,Confirmed,1580,1,44,0,0,10,3,0,0,0,110,0,367,18,0,13,8,6,2,0,0,5,552,0,0,0,0,0,0,10,127,0,105,49,0,125,2,23,0
2020-04-19,Recovered,388,0,23,0,5,0,4,0,0,0,83,1,12,4,0,5,0,7,13,0,0,4,142,0,0,0,0,0,0,6,5,0,46,0,0,19,2,7,0
2020-04-19,Deceased,38,0,1,0,0,0,0,0,0,0,2,0,10,0,0,0,0,2,0,0,0,3,12,0,0,0,0,0,0,0,2,0,0,3,0,3,0,0,0
2020-04-20,Confirmed,1239,1,75,0,0,17,0,0,0,0,78,0,196,1,0,14,5,18,6,0,0,78,466,0,0,0,0,13,0,1,98,0,43,14,0,84,2,29,0
2020-04-20,Recovered,419,0,27,0,2,0,1,0,0,0,141,0,26,37,0,15,4,1,21,0,0,7,65,1,0,0,0,0,0,1,0,0,46,0,0,13,7,4,0
2020-04-20,Deceased,33,0,3,0,0,0,0,0,0,0,2,0,8,0,0,0,0,0,0,0,0,4,9,0,0,0,0,0,0,0,2,0,2,2,0,1,0,0,0
2020-04-21,Confirmed,1537,1,35,0,0,13,1,0,0,0,75,0,239,4,0,12,0,10,19,0,0,67,552,0,1,0,0,5,0,6,159,0,76,56,0,153,0,53,0
2020-04-21,Recovered,703,0,4,0,0,0,0,0,0,0,180,0,8,6,0,10,0,17,16,0,0,10,150,0,0,0,0,6,0,11,69,0,178,8,0,22,1,7,0
2020-04-21,Deceased,53,0,2,0,0,0,0,0,0,0,0,0,19,0,0,0,0,1,0,0,0,4,19,0,0,0,0,0,0,0,1,0,1,0,0,3,0,3,0
2020-04-22,Confirmed,1292,1,56,0,0,17,0,0,0,0,92,0,229,9,0,27,0,9,11,0,0,35,431,0,0,0,0,4,0,27,153,0,33,15,0,112,0,31,0
2020-04-22,Recovered,394,0,24,0,0,0,0,3,0,0,113,0,40,11,0,11,0,2,1,0,0,4,67,0,0,0,0,2,0,4,70,0,27,0,0,11,4,0,0
2020-04-22,Deceased,36,0,2,0,0,0,0,0,0,0,1,0,13,0,0,0,0,0,0,0,0,0,18,0,0,0,0,0,0,0,1,0,0,1,0,0,0,0,0
2020-04-23,Confirmed,1667,4,80,0,1,27,0,0,0,0,128,0,217,6,1,27,7,18,10,0,0,100,778,0,0,0,0,6,0,5,76,0,54,27,0,61,1,33,0
2020-04-23,Recovered,642,0,21,0,0,2,0,2,0,0,84,0,79,12,2,0,4,14,8,2,0,51,51,0,0,0,0,1,0,13,107,0,90,58,1,33,1,6,0
2020-04-23,Deceased,40,0,3,0,0,0,0,0,0,0,2,0,9,0,0,0,1,0,0,0,0,3,14,0,0,0,0,0,0,1,1,0,2,1,0,3,0,0,0
2020-04-24,Confirmed,1408,7,62,0,0,53,0,0,0,0,138,0,191,5,0,20,6,29,3,0,0,159,390,0,0,0,0,5,0,15,70,0,72,13,0,111,1,58,0
2020-04-24,Recovered,484,0,4,0,0,0,1,0,0,0,49,0,7,16,0,17,0,7,15,0,0,7,117,0,0,0,0,0,0,4,42,0,114,39,0,20,1,24,0
2020-04-24,Deceased,59,0,2,0,0,0,0,0,0,0,3,0,15,0,0,0,0,1,1,0,0,9,18,0,0,0,0,0,0,0,4,0,2,0,0,1,0,3,0
2020-04-25,Confirmed,1835,4,61,0,0,28,1,1,0,0,111,0,256,12,0,40,8,26,7,2,0,99,811,0,0,0,0,6,1,10,49,0,66,7,0,172,0,57,0
2020-04-25,Recovered,442,0,26,0,0,1,0,2,0,0,12,0,17,5,4,3,0,6,7,0,0,71,119,0,0,0,0,1,0,2,20,0,94,16,0,35,1,0,0
2020-04-25,Deceased,44,0,2,0,0,0,0,0,0,0,1,0,6,0,0,1,0,0,0,0,0,7,22,0,0,0,0,0,0,0,2,0,1,0,0,2,0,0,0
2020-04-26,Confirmed,1607,0,81,0,0,26,8,0,0,0,293,0,230,9,0,29,15,3,11,0,0,145,440,0,0,0,0,3,0,14,102,0,64,11,0,80,3,40,0
2020-04-26,Recovered,585,0,60,0,8,11,2,0,0,0,8,0,31,8,0,25,5,24,4,0,0,21,112,0,0,0,0,1,0,12,116,0,60,9,0,66,0,2,0
2020-04-26,Deceased,56,0,0,0,0,0,0,0,0,0,0,0,18,0,0,0,0,1,0,0,0,4,19,0,0,0,0,0,0,1,7,0,1,0,0,3,0,2,0
2020-04-27,Confirmed,1568,0,80,0,0,69,9,0,0,0,190,0,247,5,0,23,21,9,13,0,0,75,522,0,0,0,0,15,0,8,77,0,52,2,0,113,0,38,0
2020-04-27,Recovered,580,0,4,0,0,0,0,0,0,0,0,0,81,14,3,27,4,11,13,0,0,55,94,0,0,0,0,2,1,14,115,0,54,16,0,72,0,0,0
2020-04-27,Deceased,58,0,0,0,0,0,0,0,0,0,0,0,11,0,0,1,0,1,0,0,0,7,27,0,0,0,0,0,0,1,9,0,0,0,0,1,0,0,0
2020-04-28,Confirmed,1902,0,82,0,2,20,11,1,0,0,206,0,226,7,0,19,2,11,4,2,0,222,728,0,0,0,0,0,0,12,102,0,121,6,0,67,3,48,0
2020-04-28,Recovered,636,4,23,0,0,8,0,2,0,0,201,0,40,11,0,12,2,14,4,0,0,16,106,0,0,0,0,1,0,3,26,0,54,42,0,63,0,4,0
2020-04-28,Deceased,69,0,0,0,0,0,0,0,0,0,0,0,19,0,0,1,0,0,0,0,0,10,31,0,0,0,0,0,0,0,2,0,1,0,0,3,0,2,0
2020-04-29,Confirmed,1705,0,73,0,0,37,12,0,0,0,125,0,308,3,0,16,2,12,10,0,0,173,597,0,0,0,0,7,0,33,76,0,104,7,0,81,1,28,0
2020-04-29,Recovered,690,0,29,0,2,0,0,0,0,0,14,0,93,1,0,16,0,9,10,1,0,88,205,0,0,0,0,1,0,0,44,0,82,35,0,48,2,10,0
2020-04-29,Deceased,71,0,0,0,0,0,0,0,0,0,2,0,16,0,0,0,0,1,0,0,0,10,32,0,0,0,0,0,0,0,3,0,2,0,0,5,0,0,0
2020-04-30,Confirmed,1802,0,71,0,5,22,6,2,0,0,76,0,313,28,0,33,3,30,2,0,0,65,583,0,0,0,0,18,0,105,144,0,161,22,1,77,2,33,0
2020-04-30,Recovered,630,1,34,0,0,20,1,2,0,0,2,0,86,10,3,24,0,13,14,0,0,21,180,0,0,0,0,2,0,3,79,0,48,33,0,41,8,5,0
2020-04-30,Deceased,75,0,0,0,0,0,0,0,0,0,3,0,17,1,0,0,0,1,0,0,0,7,27,0,0,0,0,0,0,1,3,0,0,3,0,1,0,11,0
2020-05-01,Confirmed,2396,0,60,0,0,41,14,3,0,0,223,0,326,18,0,25,3,24,0,0,0,90,1008,0,0,0,0,11,0,105,82,0,203,6,0,117,0,37,0
2020-05-01,Recovered,962,0,82,0,4,14,0,0,0,0,73,0,123,6,2,31,2,22,9,0,0,42,106,0,10,0,0,14,0,4,223,0,54,22,0,103,1,15,0
2020-05-01,Deceased,77,0,2,0,0,1,0,0,0,0,2,0,22,0,0,0,0,0,0,0,0,8,26,0,0,0,0,0,0,0,4,0,1,0,0,2,1,8,0
2020-05-02,Confirmed,2564,0,62,0,0,15,6,0,0,0,384,0,333,19,0,27,2,12,2,1,0,73,790,0,0,0,0,6,1,187,106,0,231,17,2,159,2,127,0
2020-05-02,Recovered,831,10,38,0,0,19,1,0,0,0,89,0,160,1,3,7,1,20,8,0,0,100,121,0,0,0,0,1,0,4,126,0,29,35,0,44,2,12,0
2020-05-02,Deceased,92,0,0,0,0,1,0,0,0,0,3,0,26,1,0,0,0,3,0,0,0,6,36,0,0,0,0,0,0,0,6,0,1,1,0,1,0,7,0
2020-05-03,Confirmed,2952,0,58,0,0,36,3,14,0,0,427,0,374,66,0,35,0,13,0,19,0,49,678,0,0,0,0,2,0,330,114,0,266,21,12,158,1,276,0
2020-05-03,Recovered,911,6,47,0,0,7,0,0,0,0,106,0,146,3,1,33,5,22,1,0,0,174,115,0,0,0,0,4,1,5,114,0,38,46,0,56,0,-19,0
2020-05-03,Deceased,140,0,0,0,0,0,1,0,0,0,0,0,28,0,0,0,0,0,0,0,0,5,27,0,0,0,0,0,0,1,3,0,1,0,0,0,0,74,0
2020-05-04,Confirmed,3656,0,67,0,0,11,5,1,0,0,349,0,376,75,1,25,0,37,0,0,0,105,1567,0,0,0,0,7,0,130,175,0,527,3,13,121,0,61,0
2020-05-04,Recovered,1082,0,36,0,0,3,2,0,0,0,69,0,153,9,0,16,0,28,61,0,0,58,350,0,0,0,0,0,0,11,82,0,30,40,0,48,0,86,0
2020-05-04,Deceased,103,0,0,0,0,0,0,0,0,0,0,0,29,1,0,0,0,2,0,0,0,9,35,0,0,0,0,0,0,2,6,0,1,0,0,7,0,11,0
2020-05-05,Confirmed,2971,0,67,0,2,7,17,1,1,0,206,0,441,31,1,15,10,22,3,0,0,107,984,0,0,0,0,8,0,219,97,0,508,11,13,114,1,85,0
2020-05-05,Recovered,1295,0,65,0,0,31,0,0,0,0,37,0,186,2,0,17,6,10,0,0,0,144,354,0,0,1,0,0,0,5,87,0,76,43,0,185,0,46,0
2020-05-05,Deceased,128,0,1,0,0,0,0,0,0,0,0,0,49,0,1,0,0,2,0,0,0,11,34,0,0,0,0,1,0,2,12,0,2,0,0,6,0,7,0
2020-05-06,Confirmed,3602,0,60,0,1,7,5,0,0,0,428,0,380,46,1,34,2,20,0,0,0,89,1233,0,0,0,0,28,0,75,159,0,771,11,22,118,0,112,0
2020-05-06,Recovered,1161,0,140,0,2,0,0,0,0,0,74,0,119,4,0,2,4,23,7,0,0,99,275,0,0,0,0,1,0,2,214,0,31,20,0,143,0,1,0
2020-05-06,Deceased,91,0,2,0,0,0,0,0,0,0,1,0,28,1,0,0,0,0,0,0,0,9,34,0,0,0,0,0,0,2,4,0,2,0,0,4,0,4,0
2020-05-07,Confirmed,3344,0,56,0,8,8,11,0,0,0,448,0,388,31,3,18,5,12,0,0,0,114,1216,0,0,0,0,14,0,118,110,0,580,15,24,73,0,92,0
2020-05-07,Recovered,1475,1,51,0,0,60,0,0,0,0,389,0,209,0,0,13,4,12,5,0,0,132,207,0,0,0,0,1,0,14,150,0,31,45,0,120,0,31,0
2020-05-07,Deceased,104,0,2,0,0,1,0,0,0,0,1,0,29,0,0,1,0,1,0,0,0,8,43,0,0,0,0,0,0,1,6,0,2,0,0,2,0,7,0
2020-05-08,Confirmed,3339,0,54,0,6,29,11,0,0,0,338,0,390,22,4,30,22,48,1,0,0,89,1089,0,0,0,0,51,1,87,152,0,600,10,30,143,2,130,0
2020-05-08,Recovered,1111,0,62,0,0,49,0,2,0,0,89,0,163,19,0,29,0,10,10,1,0,118,169,0,0,0,0,1,2,3,122,0,58,34,0,137,6,27,0
2020-05-08,Deceased,97,0,3,0,1,0,1,0,0,0,2,0,24,1,0,0,0,0,0,0,0,7,37,0,0,0,0,0,0,1,4,0,3,0,0,4,0,9,0
2020-05-09,Confirmed,3175,0,43,0,2,32,23,0,0,0,224,0,394,28,2,13,2,41,2,0,0,116,1165,0,1,0,0,82,0,31,129,0,526,31,17,159,4,108,0
2020-05-09,Recovered,1414,0,45,0,0,51,3,5,0,0,0,0,219,11,1,4,37,10,1,0,0,131,330,0,0,0,0,5,0,5,151,0,219,24,0,112,1,49,0
2020-05-09,Deceased,115,0,3,0,-1,0,0,0,0,0,0,0,23,1,0,0,0,0,0,0,0,11,48,0,0,0,0,1,0,2,3,0,4,1,0,8,0,11,0
2020-05-10,Confirmed,4311,0,50,0,1,96,4,0,0,0,381,0,398,28,6,25,1,54,7,0,0,157,1943,0,0,0,0,25,2,61,106,0,669,33,16,94,1,153,0
2020-05-10,Recovered,1669,0,38,0,0,36,0,6,0,0,49,0,454,10,0,15,0,36,4,3,0,196,399,0,0,0,0,0,1,9,79,0,135,0,0,154,0,45,0
2020-05-10,Deceased,112,0,1,0,0,1,1,0,0,0,5,0,21,1,0,0,0,1,0,0,0,4,53,0,0,0,0,0,0,0,2,0,3,0,0,5,0,14,0
2020-05-11,Confirmed,3592,0,38,0,2,42,8,0,0,0,310,0,347,27,1,18,4,14,7,0,0,171,1230,0,0,0,0,38,0,54,174,0,798,79,0,106,0,124,0
2020-05-11,Recovered,1579,0,73,0,5,23,4,4,0,0,60,0,235,37,0,44,0,4,0,1,0,71,587,0,0,0,0,17,0,2,83,0,92,50,0,105,0,82,0
2020-05-11,Deceased,81,0,0,0,0,0,0,0,0,0,0,0,20,1,0,1,0,0,0,0,0,6,36,0,0,0,0,0,0,0,5,0,6,0,0,1,0,5,0
2020-05-12,Confirmed,3562,0,71,0,0,130,6,0,0,0,406,0,362,50,8,55,11,63,5,0,0,201,1026,0,0,0,0,22,0,37,138,0,716,51,2,91,1,110,0
2020-05-12,Recovered,1905,0,58,0,0,5,2,1,1,0,383,0,466,5,0,28,1,7,0,0,0,113,339,0,0,0,0,31,0,3,130,0,83,21,0,115,0,113,0
2020-05-12,Deceased,120,0,1,0,0,0,0,0,0,0,13,0,24,0,0,0,0,0,0,0,0,4,53,0,0,0,0,0,0,1,4,0,8,2,0,2,0,8,0
2020-05-13,Confirmed,3726,0,48,0,15,74,4,0,0,0,359,0,364,13,1,37,5,34,10,1,0,187,1495,0,0,0,0,101,1,10,202,0,509,41,1,94,3,117,0
2020-05-13,Recovered,1963,0,86,0,0,18,0,1,0,0,346,0,316,76,0,11,8,18,1,0,0,144,422,0,1,0,0,27,0,29,119,0,41,117,0,92,0,90,0
2020-05-13,Deceased,137,0,1,0,0,1,0,0,0,0,20,0,29,0,0,1,0,2,0,0,0,7,54,0,0,0,0,0,0,0,4,0,3,2,0,4,0,9,0
2020-05-14,Confirmed,3991,0,68,0,7,46,0,1,0,0,472,8,324,25,6,12,26,28,26,0,0,253,1602,1,0,0,0,134,3,11,206,0,447,47,1,144,6,87,0
2020-05-14,Recovered,1594,0,50,0,0,12,7,1,0,0,187,0,191,21,0,19,0,9,3,0,0,167,542,0,0,0,0,15,0,23,65,0,65,13,27,107,4,66,0
2020-05-14,Deceased,97,0,1,0,0,0,0,0,0,0,9,0,20,0,0,0,0,2,0,0,0,5,44,0,0,0,0,0,0,0,4,0,2,0,0,2,0,8,0
2020-05-15,Confirmed,3808,0,102,0,3,34,0,6,0,0,425,0,340,36,2,30,8,69,16,0,0,169,1576,0,0,0,0,65,0,-3,213,0,434,40,0,155,4,84,0
2020-05-15,Recovered,2234,0,60,0,1,28,3,0,0,0,473,0,282,25,0,28,10,20,0,2,0,112,475,0,0,0,0,8,0,82,91,0,359,7,13,93,1,61,0
2020-05-15,Deceased,104,0,0,0,0,0,0,0,0,0,8,0,20,2,0,0,0,1,0,0,0,2,49,0,0,0,0,0,0,0,0,0,5,0,0,7,0,10,0
2020-05-16,Confirmed,4794,0,48,0,3,145,0,1,0,0,438,5,1057,33,2,108,6,36,11,0,0,195,1606,4,0,0,0,0,1,14,213,0,477,55,11,201,9,115,0
2020-05-16,Recovered,4012,0,101,0,0,33,11,2,0,0,408,0,273,50,4,29,16,16,4,0,0,32,524,0,0,0,0,30,0,952,215,0,939,12,22,276,0,63,0
2020-05-16,Deceased,120,0,1,0,0,1,0,0,0,0,6,0,19,0,0,1,0,0,0,0,0,4,67,0,0,0,0,0,0,0,1,0,4,0,0,9,0,7,0
2020-05-17,Confirmed,5049,0,25,0,8,142,0,18,0,0,422,9,391,23,2,62,6,55,14,0,0,187,2347,0,0,0,0,91,0,18,242,0,639,42,-2,206,1,101,0
2020-05-17,Recovered,2538,0,103,0,1,0,0,1,0,0,276,0,191,48,1,33,0,13,0,0,0,88,600,0,0,0,0,24,0,109,111,0,634,21,21,195,1,67,0
2020-05-17,Deceased,152,0,1,0,0,0,0,0,0,0,19,0,34,1,0,1,0,1,0,0,0,5,63,0,0,0,0,1,0,3,5,0,4,0,0,8,0,6,0
2020-05-18,Confirmed,4628,0,52,0,15,103,5,10,0,0,299,9,366,18,10,106,5,99,29,0,0,259,2005,0,0,0,0,48,0,16,305,0,536,41,0,141,4,147,0
2020-05-18,Recovered,2482,0,96,0,0,44,3,0,0,0,283,0,305,36,2,34,14,21,0,19,0,32,749,0,1,0,0,57,0,181,163,0,234,10,4,147,0,47,0
2020-05-18,Deceased,131,0,0,0,2,1,0,0,0,0,12,0,35,0,0,2,0,0,0,0,0,4,51,0,0,0,0,0,0,2,7,0,3,0,0,6,0,6,0
2020-05-19,Confirmed,6154,0,57,0,42,96,3,5,0,0,500,8,395,36,2,28,20,149,12,0,0,229,2078,2,0,0,0,102,5,22,338,0,688,42,8,321,15,137,814
2020-05-19,Recovered,3032,0,69,0,0,0,3,0,0,0,265,0,239,29,5,38,0,13,0,0,0,196,1202,0,0,0,0,30,1,95,119,0,489,9,27,135,0,68,0
2020-05-19,Deceased,146,0,2,0,0,0,0,0,0,0,6,0,25,0,1,2,0,3,0,0,0,6,76,0,0,0,0,1,0,1,5,0,3,4,0,5,0,6,0
2020-05-20,Confirmed,5720,0,71,0,31,257,3,14,0,0,534,4,398,29,18,73,42,67,24,1,0,270,2161,16,1,0,0,74,1,3,170,0,743,27,0,249,15,142,282
2020-05-20,Recovered,3113,0,43,0,7,54,79,0,0,0,442,0,176,21,3,31,2,13,5,0,0,103,679,0,0,0,0,36,0,152,67,0,987,2,0,148,1,62,0
2020-05-20,Deceased,134,0,1,0,0,0,0,0,0,0,10,0,30,0,0,1,0,1,0,0,0,9,65,0,0,0,0,1,0,0,4,0,3,2,0,4,0,3,0
2020-05-21,Confirmed,6023,0,45,0,22,211,16,14,0,0,571,2,371,37,42,59,13,143,24,0,0,246,2345,0,0,0,0,51,0,23,212,0,776,38,2,340,19,94,307
2020-05-21,Recovered,3131,0,41,0,6,0,42,0,0,0,375,0,269,33,5,6,7,15,8,0,0,110,1408,0,0,0,0,50,0,25,81,0,400,23,32,138,0,57,0
2020-05-21,Deceased,148,0,1,0,0,0,0,0,0,0,18,0,24,0,0,2,0,0,0,0,0,4,64,0,0,0,0,1,0,1,4,0,7,5,0,11,0,6,0
2020-05-22,Confirmed,6536,0,62,0,15,179,1,44,0,0,660,2,363,37,16,40,20,138,42,2,0,189,2940,1,0,0,0,86,3,1,267,0,786,62,0,220,8,135,217
2020-05-22,Recovered,3280,0,26,0,0,58,0,3,0,0,330,9,392,25,0,36,0,26,2,0,0,245,857,0,0,0,0,43,0,28,195,0,846,7,4,120,0,28,0
2020-05-22,Deceased,142,0,1,0,0,2,0,0,0,0,14,0,29,2,0,0,0,0,1,0,0,1,63,0,0,0,0,0,0,0,2,0,4,3,0,14,0,6,0
2020-05-23,Confirmed,6663,0,47,0,121,228,6,42,1,0,591,1,396,64,17,80,27,216,62,3,0,201,2608,3,0,0,0,80,0,16,248,1,759,52,16,282,91,127,279
2020-05-23,Recovered,2576,0,48,0,2,24,1,2,0,0,370,0,289,44,2,54,5,11,3,0,0,178,821,0,0,0,0,61,0,23,106,0,363,25,0,82,2,60,0
2020-05-23,Deceased,142,0,1,0,0,0,0,0,0,0,23,0,27,0,0,1,0,1,0,0,0,9,60,0,0,0,0,0,0,0,7,0,5,1,0,3,0,4,0
2020-05-24,Confirmed,7111,0,66,1,46,180,37,38,0,0,508,11,394,53,18,52,20,130,53,3,0,294,3041,3,0,0,0,67,15,15,286,0,765,41,3,251,73,208,439
2020-05-24,Recovered,3285,0,62,0,1,49,0,0,0,0,273,0,243,15,2,35,7,46,5,0,0,141,1196,2,0,0,0,53,2,28,62,0,833,24,13,132,3,58,0
2020-05-24,Deceased,156,0,0,0,0,0,1,0,0,0,30,0,29,0,0,0,1,0,1,0,0,9,58,0,0,0,0,0,0,1,3,0,8,4,0,6,2,3,0
2020-05-25,Confirmed,6414,0,106,0,156,163,4,40,0,0,635,1,405,29,20,47,35,93,49,1,0,194,2436,4,1,0,3,102,8,21,272,0,805,66,4,229,32,149,304
2020-05-25,Recovered,3012,0,51,0,5,31,8,3,0,0,231,3,224,37,4,0,0,51,12,0,0,163,1186,0,0,0,0,99,5,15,208,0,407,72,0,122,0,75,0
2020-05-25,Deceased,150,0,0,0,0,2,0,0,0,0,15,0,30,0,0,2,0,2,0,0,0,10,60,0,0,0,0,0,0,0,4,0,7,3,0,8,1,6,0
2020-05-26,Confirmed,5907,0,97,0,134,231,12,68,0,0,412,0,361,92,24,91,21,101,67,0,0,165,2091,3,5,0,1,79,0,25,236,0,646,112,34,227,51,193,328
2020-05-26,Recovered,3585,0,125,0,0,67,0,12,0,0,183,9,501,22,0,24,5,59,10,0,0,118,1168,0,0,0,0,84,0,5,220,0,611,120,0,164,6,72,0
2020-05-26,Deceased,173,0,1,0,0,1,0,0,0,0,12,0,27,0,0,1,0,0,1,0,0,5,97,0,0,0,0,0,0,0,3,0,11,1,0,8,0,5,0
2020-05-27,Confirmed,7246,0,134,0,101,68,1,4,0,0,792,1,376,76,26,162,7,135,40,1,0,237,2190,5,0,0,5,76,0,33,280,0,817,107,10,267,69,183,1043
2020-05-27,Recovered,3434,0,48,0,25,118,0,4,0,0,310,9,410,14,3,21,0,17,10,0,0,238,964,0,0,0,0,79,0,0,286,0,567,37,0,167,15,92,0
2020-05-27,Deceased,188,0,1,0,0,1,0,0,0,0,15,0,23,2,2,2,0,3,0,0,0,8,105,0,0,0,0,0,0,0,3,0,6,6,0,5,0,6,0
2020-05-28,Confirmed,7254,0,128,1,97,149,10,34,0,0,1024,1,367,123,8,115,6,115,85,20,0,192,2598,11,1,0,9,67,4,19,251,0,827,117,2,179,31,344,319
2020-05-28,Recovered,3171,0,68,0,16,132,2,0,0,0,231,1,454,43,7,5,0,53,3,0,0,123,698,0,0,0,0,75,0,28,253,0,639,24,2,224,0,90,0
2020-05-28,Deceased,176,0,1,0,0,0,0,0,0,0,13,0,22,1,0,1,0,0,1,0,0,8,85,0,0,0,0,0,0,0,7,0,12,4,0,15,0,6,0
2020-05-29,Confirmed,8138,0,85,0,177,174,0,17,0,0,1105,0,372,217,14,128,82,248,62,0,0,192,2682,4,6,0,7,63,4,39,298,0,874,169,10,275,216,277,341
2020-05-29,Recovered,11735,0,101,0,22,159,0,17,0,0,351,3,608,59,10,16,63,60,10,0,0,219,8381,2,0,0,0,90,6,3,429,0,765,36,0,195,23,107,0
2020-05-29,Deceased,269,0,1,0,0,0,0,1,0,0,82,0,20,0,0,1,1,1,1,0,0,13,116,0,0,0,0,2,0,2,4,0,9,4,0,4,0,7,0
2020-05-30,Confirmed,8364,0,131,1,159,206,0,32,0,0,1163,1,412,202,18,177,73,141,58,3,0,246,2940,1,0,0,11,96,0,36,252,0,938,74,17,256,33,317,370
2020-05-30,Recovered,4303,0,55,0,38,102,10,2,0,0,229,1,621,31,24,33,40,103,10,0,0,175,1084,0,0,0,0,73,0,18,495,0,687,31,5,241,0,195,0
2020-05-30,Deceased,205,0,0,0,0,6,0,0,0,0,18,0,27,1,0,0,0,1,1,0,0,9,99,0,0,0,0,0,0,2,9,0,6,6,0,12,1,7,0
2020-05-31,Confirmed,8789,0,110,0,123,242,4,51,0,0,1295,1,438,168,18,105,41,299,61,0,0,198,2487,11,0,0,7,129,13,30,214,0,1149,199,45,374,158,371,448
2020-05-31,Recovered,4928,0,51,0,22,209,0,12,0,0,403,2,689,77,9,19,0,221,15,4,0,398,1248,5,0,0,0,76,2,20,293,0,757,16,1,192,0,187,0
2020-05-31,Deceased,222,0,2,0,0,2,0,0,0,0,57,0,31,0,0,0,0,2,0,0,0,7,89,0,0,0,0,0,0,1,1,0,13,5,0,4,0,8,0
2020-06-01,Confirmed,7723,0,105,18,146,138,4,49,1,0,990,2,423,265,9,155,26,187,57,0,0,194,2358,12,1,0,0,156,9,38,269,0,1162,94,107,286,52,271,139
2020-06-01,Recovered,3892,0,34,0,99,221,15,7,0,0,268,6,861,7,2,19,40,110,18,0,0,161,779,0,0,0,0,119,0,13,181,0,413,63,0,187,120,149,0
2020-06-01,Deceased,201,0,2,0,0,0,0,0,0,0,50,0,25,1,0,3,0,1,1,0,0,8,76,0,0,0,0,0,0,-1,5,0,11,6,0,5,0,8,0
2020-06-02,Confirmed,8815,0,115,5,74,151,4,15,0,0,1298,6,415,296,5,117,61,388,86,4,0,137,2287,6,2,12,6,141,0,41,273,0,1091,99,48,368,84,396,784
2020-06-02,Recovered,4531,0,40,0,53,62,0,9,0,0,497,7,1114,14,18,7,0,75,19,0,0,218,1225,3,0,0,0,80,0,17,222,0,536,35,0,146,30,104,0
2020-06-02,Deceased,221,0,0,0,0,1,1,0,0,0,33,0,29,2,0,2,0,0,1,1,0,6,103,0,0,0,0,0,0,2,4,0,13,4,0,7,2,10,0
2020-06-03,Confirmed,9638,0,180,10,271,230,0,64,8,0,1513,47,485,302,14,139,42,267,82,9,0,168,2560,19,3,1,9,143,9,34,279,1,1286,129,102,141,42,340,709
2020-06-03,Recovered,3786,0,50,0,76,222,0,40,0,0,299,0,318,20,10,54,1,111,24,1,0,224,996,24,1,0,0,91,5,12,309,0,610,30,0,81,7,170,0
2020-06-03,Deceased,259,0,4,0,0,1,0,0,0,0,59,0,30,0,0,1,0,1,0,0,0,7,122,0,0,0,0,0,0,1,6,0,8,7,0,1,1,10,0
